index,D_0__Bacteria;D_1__Actinobacteria;D_2__Actinobacteria;D_3__Bifidobacteriales;D_4__Bifidobacteriaceae;D_5__Bifidobacterium;D_6__uncultured bacterium,D_0__Bacteria;D_1__Actinobacteria;D_2__Coriobacteriia;D_3__Coriobacteriales;D_4__Atopobiaceae;D_5__Coriobacteriaceae UCG-002;D_6__uncultured bacterium,D_0__Bacteria;D_1__Actinobacteria;D_2__Coriobacteriia;D_3__Coriobacteriales;D_4__Eggerthellaceae;D_5__Adlercreutzia;D_6__uncultured bacterium,D_0__Bacteria;D_1__Actinobacteria;D_2__Coriobacteriia;D_3__Coriobacteriales;D_4__Eggerthellaceae;D_5__Enterorhabdus;D_6__uncultured bacterium,D_0__Bacteria;D_1__Actinobacteria;D_2__Coriobacteriia;D_3__Coriobacteriales;D_4__Eggerthellaceae;D_5__Gordonibacter;D_6__uncultured bacterium,D_0__Bacteria;D_1__Actinobacteria;D_2__Coriobacteriia;D_3__Coriobacteriales;D_4__uncultured;D_5__uncultured bacterium;D_6__uncultured bacterium,D_0__Bacteria;D_1__Bacteroidetes;D_2__Bacteroidia;D_3__Bacteroidales;D_4__Bacteroidaceae;D_5__Bacteroides;D_6__Bacteroides plebeius,D_0__Bacteria;D_1__Bacteroidetes;D_2__Bacteroidia;D_3__Bacteroidales;D_4__Bacteroidaceae;D_5__Bacteroides;D_6__Bacteroides thetaiotaomicron,D_0__Bacteria;D_1__Bacteroidetes;D_2__Bacteroidia;D_3__Bacteroidales;D_4__Bacteroidaceae;D_5__Bacteroides;__,D_0__Bacteria;D_1__Bacteroidetes;D_2__Bacteroidia;D_3__Bacteroidales;D_4__Muribaculaceae;D_5__uncultured Bacteroidales bacterium;D_6__uncultured Bacteroidales bacterium,D_0__Bacteria;D_1__Bacteroidetes;D_2__Bacteroidia;D_3__Bacteroidales;D_4__Muribaculaceae;D_5__uncultured bacterium;D_6__uncultured bacterium,D_0__Bacteria;D_1__Bacteroidetes;D_2__Bacteroidia;D_3__Bacteroidales;D_4__Rikenellaceae;D_5__Alistipes;D_6__uncultured organism,D_0__Bacteria;D_1__Bacteroidetes;D_2__Bacteroidia;D_3__Bacteroidales;D_4__Rikenellaceae;D_5__Alistipes;__,D_0__Bacteria;D_1__Bacteroidetes;D_2__Bacteroidia;D_3__Bacteroidales;D_4__Tannerellaceae;D_5__Parabacteroides;D_6__uncultured bacterium,D_0__Bacteria;D_1__Cyanobacteria;D_2__Oxyphotobacteria;D_3__Chloroplast;D_4__Phaseolus acutifolius (tepary bean);D_5__Phaseolus acutifolius (tepary bean);D_6__Phaseolus acutifolius (tepary bean),D_0__Bacteria;D_1__Deferribacteres;D_2__Deferribacteres;D_3__Deferribacterales;D_4__Deferribacteraceae;D_5__Mucispirillum;D_6__uncultured bacterium,D_0__Bacteria;D_1__Firmicutes;D_2__Bacilli;D_3__Bacillales;D_4__Staphylococcaceae;D_5__Jeotgalicoccus;D_6__uncultured bacterium,D_0__Bacteria;D_1__Firmicutes;D_2__Bacilli;D_3__Bacillales;D_4__Staphylococcaceae;D_5__Staphylococcus;D_6__Staphylococcus saprophyticus subsp. saprophyticus,D_0__Bacteria;D_1__Firmicutes;D_2__Bacilli;D_3__Bacillales;D_4__Staphylococcaceae;D_5__Staphylococcus;D_6__Staphylococcus sciuri,D_0__Bacteria;D_1__Firmicutes;D_2__Bacilli;D_3__Bacillales;D_4__Staphylococcaceae;D_5__Staphylococcus;__,D_0__Bacteria;D_1__Firmicutes;D_2__Bacilli;D_3__Lactobacillales;D_4__Aerococcaceae;D_5__Aerococcus;D_6__uncultured bacterium,D_0__Bacteria;D_1__Firmicutes;D_2__Bacilli;D_3__Lactobacillales;D_4__Enterococcaceae;D_5__Enterococcus;D_6__Enterococcus faecalis,D_0__Bacteria;D_1__Firmicutes;D_2__Bacilli;D_3__Lactobacillales;D_4__Lactobacillaceae;D_5__Lactobacillus;D_6__Lactobacillus murinus,D_0__Bacteria;D_1__Firmicutes;D_2__Bacilli;D_3__Lactobacillales;D_4__Lactobacillaceae;D_5__Lactobacillus;D_6__Lactobacillus reuteri,D_0__Bacteria;D_1__Firmicutes;D_2__Bacilli;D_3__Lactobacillales;D_4__Lactobacillaceae;D_5__Lactobacillus;__,D_0__Bacteria;D_1__Firmicutes;D_2__Clostridia;D_3__Clostridiales;D_4__Christensenellaceae;D_5__uncultured;D_6__uncultured bacterium,D_0__Bacteria;D_1__Firmicutes;D_2__Clostridia;D_3__Clostridiales;D_4__Christensenellaceae;__;__,D_0__Bacteria;D_1__Firmicutes;D_2__Clostridia;D_3__Clostridiales;D_4__Clostridiaceae 1;D_5__Candidatus Arthromitus;D_6__uncultured bacterium,D_0__Bacteria;D_1__Firmicutes;D_2__Clostridia;D_3__Clostridiales;D_4__Clostridiaceae 1;D_5__Clostridium sensu stricto 1;D_6__uncultured bacterium,D_0__Bacteria;D_1__Firmicutes;D_2__Clostridia;D_3__Clostridiales;D_4__Clostridiales vadinBB60 group;D_5__uncultured bacterium;D_6__uncultured bacterium,D_0__Bacteria;D_1__Firmicutes;D_2__Clostridia;D_3__Clostridiales;D_4__Clostridiales vadinBB60 group;__;__,D_0__Bacteria;D_1__Firmicutes;D_2__Clostridia;D_3__Clostridiales;D_4__Eubacteriaceae;D_5__Anaerofustis;D_6__uncultured bacterium,D_0__Bacteria;D_1__Firmicutes;D_2__Clostridia;D_3__Clostridiales;D_4__Family XIII;D_5__Anaerovorax;D_6__uncultured bacterium,D_0__Bacteria;D_1__Firmicutes;D_2__Clostridia;D_3__Clostridiales;D_4__Family XIII;D_5__Family XIII AD3011 group;D_6__uncultured bacterium,D_0__Bacteria;D_1__Firmicutes;D_2__Clostridia;D_3__Clostridiales;D_4__Family XIII;D_5__Family XIII AD3011 group;__,D_0__Bacteria;D_1__Firmicutes;D_2__Clostridia;D_3__Clostridiales;D_4__Family XIII;D_5__Family XIII UCG-001;D_6__uncultured bacterium,D_0__Bacteria;D_1__Firmicutes;D_2__Clostridia;D_3__Clostridiales;D_4__Family XIII;D_5__[Eubacterium] brachy group;D_6__uncultured bacterium,D_0__Bacteria;D_1__Firmicutes;D_2__Clostridia;D_3__Clostridiales;D_4__Family XIII;D_5__[Eubacterium] nodatum group;D_6__uncultured bacterium,D_0__Bacteria;D_1__Firmicutes;D_2__Clostridia;D_3__Clostridiales;D_4__Lachnospiraceae;D_5__A2;D_6__uncultured bacterium,D_0__Bacteria;D_1__Firmicutes;D_2__Clostridia;D_3__Clostridiales;D_4__Lachnospiraceae;D_5__ASF356;D_6__uncultured bacterium,D_0__Bacteria;D_1__Firmicutes;D_2__Clostridia;D_3__Clostridiales;D_4__Lachnospiraceae;D_5__Acetatifactor;D_6__uncultured bacterium,D_0__Bacteria;D_1__Firmicutes;D_2__Clostridia;D_3__Clostridiales;D_4__Lachnospiraceae;D_5__Anaerostipes;D_6__uncultured bacterium,D_0__Bacteria;D_1__Firmicutes;D_2__Clostridia;D_3__Clostridiales;D_4__Lachnospiraceae;D_5__Blautia;D_6__unidentified,D_0__Bacteria;D_1__Firmicutes;D_2__Clostridia;D_3__Clostridiales;D_4__Lachnospiraceae;D_5__Coprococcus 3;D_6__uncultured bacterium,D_0__Bacteria;D_1__Firmicutes;D_2__Clostridia;D_3__Clostridiales;D_4__Lachnospiraceae;D_5__Coprococcus 3;__,D_0__Bacteria;D_1__Firmicutes;D_2__Clostridia;D_3__Clostridiales;D_4__Lachnospiraceae;D_5__Dorea;D_6__uncultured bacterium,D_0__Bacteria;D_1__Firmicutes;D_2__Clostridia;D_3__Clostridiales;D_4__Lachnospiraceae;D_5__Dorea;__,D_0__Bacteria;D_1__Firmicutes;D_2__Clostridia;D_3__Clostridiales;D_4__Lachnospiraceae;D_5__GCA-900066575;D_6__uncultured bacterium,D_0__Bacteria;D_1__Firmicutes;D_2__Clostridia;D_3__Clostridiales;D_4__Lachnospiraceae;D_5__Lachnoclostridium;D_6__uncultured bacterium,D_0__Bacteria;D_1__Firmicutes;D_2__Clostridia;D_3__Clostridiales;D_4__Lachnospiraceae;D_5__Lachnoclostridium;__,D_0__Bacteria;D_1__Firmicutes;D_2__Clostridia;D_3__Clostridiales;D_4__Lachnospiraceae;D_5__Lachnospira;__,D_0__Bacteria;D_1__Firmicutes;D_2__Clostridia;D_3__Clostridiales;D_4__Lachnospiraceae;D_5__Lachnospiraceae FCS020 group;D_6__uncultured bacterium,D_0__Bacteria;D_1__Firmicutes;D_2__Clostridia;D_3__Clostridiales;D_4__Lachnospiraceae;D_5__Lachnospiraceae NK4A136 group;D_6__Lachnospiraceae bacterium COE1,D_0__Bacteria;D_1__Firmicutes;D_2__Clostridia;D_3__Clostridiales;D_4__Lachnospiraceae;D_5__Lachnospiraceae NK4A136 group;D_6__uncultured Clostridiales bacterium,D_0__Bacteria;D_1__Firmicutes;D_2__Clostridia;D_3__Clostridiales;D_4__Lachnospiraceae;D_5__Lachnospiraceae NK4A136 group;D_6__uncultured bacterium,D_0__Bacteria;D_1__Firmicutes;D_2__Clostridia;D_3__Clostridiales;D_4__Lachnospiraceae;D_5__Lachnospiraceae NK4A136 group;__,D_0__Bacteria;D_1__Firmicutes;D_2__Clostridia;D_3__Clostridiales;D_4__Lachnospiraceae;D_5__Lachnospiraceae UCG-001;D_6__uncultured bacterium,D_0__Bacteria;D_1__Firmicutes;D_2__Clostridia;D_3__Clostridiales;D_4__Lachnospiraceae;D_5__Lachnospiraceae UCG-004;__,D_0__Bacteria;D_1__Firmicutes;D_2__Clostridia;D_3__Clostridiales;D_4__Lachnospiraceae;D_5__Lachnospiraceae UCG-006;D_6__uncultured bacterium,D_0__Bacteria;D_1__Firmicutes;D_2__Clostridia;D_3__Clostridiales;D_4__Lachnospiraceae;D_5__Marvinbryantia;D_6__uncultured bacterium,D_0__Bacteria;D_1__Firmicutes;D_2__Clostridia;D_3__Clostridiales;D_4__Lachnospiraceae;D_5__Roseburia;D_6__uncultured bacterium,D_0__Bacteria;D_1__Firmicutes;D_2__Clostridia;D_3__Clostridiales;D_4__Lachnospiraceae;D_5__Roseburia;D_6__uncultured organism,D_0__Bacteria;D_1__Firmicutes;D_2__Clostridia;D_3__Clostridiales;D_4__Lachnospiraceae;D_5__Tyzzerella 3;D_6__uncultured bacterium,D_0__Bacteria;D_1__Firmicutes;D_2__Clostridia;D_3__Clostridiales;D_4__Lachnospiraceae;D_5__Tyzzerella;D_6__uncultured bacterium,D_0__Bacteria;D_1__Firmicutes;D_2__Clostridia;D_3__Clostridiales;D_4__Lachnospiraceae;D_5__[Eubacterium] ventriosum group;D_6__uncultured bacterium,D_0__Bacteria;D_1__Firmicutes;D_2__Clostridia;D_3__Clostridiales;D_4__Lachnospiraceae;D_5__[Eubacterium] xylanophilum group;D_6__uncultured bacterium,D_0__Bacteria;D_1__Firmicutes;D_2__Clostridia;D_3__Clostridiales;D_4__Lachnospiraceae;D_5__uncultured;D_6__uncultured bacterium,D_0__Bacteria;D_1__Firmicutes;D_2__Clostridia;D_3__Clostridiales;D_4__Lachnospiraceae;D_5__uncultured;__,D_0__Bacteria;D_1__Firmicutes;D_2__Clostridia;D_3__Clostridiales;D_4__Lachnospiraceae;__;__,D_0__Bacteria;D_1__Firmicutes;D_2__Clostridia;D_3__Clostridiales;D_4__Peptococcaceae;D_5__Peptococcus;D_6__uncultured bacterium,D_0__Bacteria;D_1__Firmicutes;D_2__Clostridia;D_3__Clostridiales;D_4__Peptococcaceae;D_5__uncultured;D_6__uncultured bacterium,D_0__Bacteria;D_1__Firmicutes;D_2__Clostridia;D_3__Clostridiales;D_4__Peptococcaceae;D_5__uncultured;__,D_0__Bacteria;D_1__Firmicutes;D_2__Clostridia;D_3__Clostridiales;D_4__Ruminococcaceae;D_5__Anaerotruncus;D_6__uncultured bacterium,D_0__Bacteria;D_1__Firmicutes;D_2__Clostridia;D_3__Clostridiales;D_4__Ruminococcaceae;D_5__Butyricicoccus;D_6__uncultured bacterium,D_0__Bacteria;D_1__Firmicutes;D_2__Clostridia;D_3__Clostridiales;D_4__Ruminococcaceae;D_5__Candidatus Soleaferrea;__,D_0__Bacteria;D_1__Firmicutes;D_2__Clostridia;D_3__Clostridiales;D_4__Ruminococcaceae;D_5__Faecalibacterium;__,D_0__Bacteria;D_1__Firmicutes;D_2__Clostridia;D_3__Clostridiales;D_4__Ruminococcaceae;D_5__GCA-900066225;D_6__uncultured bacterium,D_0__Bacteria;D_1__Firmicutes;D_2__Clostridia;D_3__Clostridiales;D_4__Ruminococcaceae;D_5__Harryflintia;D_6__uncultured bacterium,D_0__Bacteria;D_1__Firmicutes;D_2__Clostridia;D_3__Clostridiales;D_4__Ruminococcaceae;D_5__Intestinimonas;D_6__uncultured bacterium,D_0__Bacteria;D_1__Firmicutes;D_2__Clostridia;D_3__Clostridiales;D_4__Ruminococcaceae;D_5__Negativibacillus;D_6__uncultured bacterium,D_0__Bacteria;D_1__Firmicutes;D_2__Clostridia;D_3__Clostridiales;D_4__Ruminococcaceae;D_5__Oscillibacter;D_6__uncultured bacterium,D_0__Bacteria;D_1__Firmicutes;D_2__Clostridia;D_3__Clostridiales;D_4__Ruminococcaceae;D_5__Ruminiclostridium 5;D_6__uncultured bacterium,D_0__Bacteria;D_1__Firmicutes;D_2__Clostridia;D_3__Clostridiales;D_4__Ruminococcaceae;D_5__Ruminiclostridium 5;D_6__uncultured organism,D_0__Bacteria;D_1__Firmicutes;D_2__Clostridia;D_3__Clostridiales;D_4__Ruminococcaceae;D_5__Ruminiclostridium 6;D_6__uncultured bacterium,D_0__Bacteria;D_1__Firmicutes;D_2__Clostridia;D_3__Clostridiales;D_4__Ruminococcaceae;D_5__Ruminiclostridium 9;D_6__uncultured bacterium,D_0__Bacteria;D_1__Firmicutes;D_2__Clostridia;D_3__Clostridiales;D_4__Ruminococcaceae;D_5__Ruminiclostridium;D_6__uncultured bacterium,D_0__Bacteria;D_1__Firmicutes;D_2__Clostridia;D_3__Clostridiales;D_4__Ruminococcaceae;D_5__Ruminococcaceae NK4A214 group;D_6__uncultured bacterium,D_0__Bacteria;D_1__Firmicutes;D_2__Clostridia;D_3__Clostridiales;D_4__Ruminococcaceae;D_5__Ruminococcaceae UCG-003;D_6__uncultured bacterium,D_0__Bacteria;D_1__Firmicutes;D_2__Clostridia;D_3__Clostridiales;D_4__Ruminococcaceae;D_5__Ruminococcaceae UCG-004;D_6__uncultured bacterium,D_0__Bacteria;D_1__Firmicutes;D_2__Clostridia;D_3__Clostridiales;D_4__Ruminococcaceae;D_5__Ruminococcaceae UCG-005;D_6__uncultured bacterium,D_0__Bacteria;D_1__Firmicutes;D_2__Clostridia;D_3__Clostridiales;D_4__Ruminococcaceae;D_5__Ruminococcaceae UCG-005;D_6__uncultured rumen bacterium,D_0__Bacteria;D_1__Firmicutes;D_2__Clostridia;D_3__Clostridiales;D_4__Ruminococcaceae;D_5__Ruminococcaceae UCG-005;__,D_0__Bacteria;D_1__Firmicutes;D_2__Clostridia;D_3__Clostridiales;D_4__Ruminococcaceae;D_5__Ruminococcaceae UCG-009;D_6__uncultured bacterium,D_0__Bacteria;D_1__Firmicutes;D_2__Clostridia;D_3__Clostridiales;D_4__Ruminococcaceae;D_5__Ruminococcaceae UCG-010;D_6__uncultured bacterium,D_0__Bacteria;D_1__Firmicutes;D_2__Clostridia;D_3__Clostridiales;D_4__Ruminococcaceae;D_5__Ruminococcaceae UCG-010;__,D_0__Bacteria;D_1__Firmicutes;D_2__Clostridia;D_3__Clostridiales;D_4__Ruminococcaceae;D_5__Ruminococcaceae UCG-013;D_6__uncultured bacterium,D_0__Bacteria;D_1__Firmicutes;D_2__Clostridia;D_3__Clostridiales;D_4__Ruminococcaceae;D_5__Ruminococcaceae UCG-014;D_6__uncultured Clostridiales bacterium,D_0__Bacteria;D_1__Firmicutes;D_2__Clostridia;D_3__Clostridiales;D_4__Ruminococcaceae;D_5__Ruminococcaceae UCG-014;D_6__uncultured bacterium,D_0__Bacteria;D_1__Firmicutes;D_2__Clostridia;D_3__Clostridiales;D_4__Ruminococcaceae;D_5__Ruminococcaceae UCG-014;D_6__uncultured organism,D_0__Bacteria;D_1__Firmicutes;D_2__Clostridia;D_3__Clostridiales;D_4__Ruminococcaceae;D_5__Ruminococcaceae UCG-014;D_6__uncultured rumen bacterium,D_0__Bacteria;D_1__Firmicutes;D_2__Clostridia;D_3__Clostridiales;D_4__Ruminococcaceae;D_5__Ruminococcaceae UCG-014;D_6__unidentified,D_0__Bacteria;D_1__Firmicutes;D_2__Clostridia;D_3__Clostridiales;D_4__Ruminococcaceae;D_5__Ruminococcaceae UCG-014;D_6__unidentified rumen bacterium JW32,D_0__Bacteria;D_1__Firmicutes;D_2__Clostridia;D_3__Clostridiales;D_4__Ruminococcaceae;D_5__Ruminococcaceae UCG-014;__,D_0__Bacteria;D_1__Firmicutes;D_2__Clostridia;D_3__Clostridiales;D_4__Ruminococcaceae;D_5__Ruminococcus 1;D_6__uncultured bacterium,D_0__Bacteria;D_1__Firmicutes;D_2__Clostridia;D_3__Clostridiales;D_4__Ruminococcaceae;D_5__UBA1819;D_6__uncultured bacterium,D_0__Bacteria;D_1__Firmicutes;D_2__Clostridia;D_3__Clostridiales;D_4__Ruminococcaceae;D_5__[Eubacterium] coprostanoligenes group;D_6__uncultured bacterium,D_0__Bacteria;D_1__Firmicutes;D_2__Clostridia;D_3__Clostridiales;D_4__Ruminococcaceae;D_5__[Eubacterium] coprostanoligenes group;D_6__uncultured organism,D_0__Bacteria;D_1__Firmicutes;D_2__Clostridia;D_3__Clostridiales;D_4__Ruminococcaceae;D_5__[Eubacterium] coprostanoligenes group;__,D_0__Bacteria;D_1__Firmicutes;D_2__Clostridia;D_3__Clostridiales;D_4__Ruminococcaceae;D_5__uncultured;D_6__uncultured bacterium,D_0__Bacteria;D_1__Firmicutes;D_2__Clostridia;D_3__Clostridiales;D_4__Ruminococcaceae;D_5__uncultured;D_6__unidentified,D_0__Bacteria;D_1__Firmicutes;D_2__Clostridia;D_3__Clostridiales;D_4__Ruminococcaceae;D_5__uncultured;__,D_0__Bacteria;D_1__Firmicutes;D_2__Clostridia;D_3__Clostridiales;D_4__Ruminococcaceae;__;__,D_0__Bacteria;D_1__Firmicutes;D_2__Clostridia;D_3__Clostridiales;__;__;__,D_0__Bacteria;D_1__Firmicutes;D_2__Erysipelotrichia;D_3__Erysipelotrichales;D_4__Erysipelotrichaceae;D_5__Candidatus Stoquefichus;D_6__uncultured bacterium,D_0__Bacteria;D_1__Firmicutes;D_2__Erysipelotrichia;D_3__Erysipelotrichales;D_4__Erysipelotrichaceae;D_5__Dubosiella;D_6__uncultured bacterium,D_0__Bacteria;D_1__Firmicutes;D_2__Erysipelotrichia;D_3__Erysipelotrichales;D_4__Erysipelotrichaceae;D_5__Erysipelatoclostridium;D_6__uncultured bacterium,D_0__Bacteria;D_1__Firmicutes;D_2__Erysipelotrichia;D_3__Erysipelotrichales;D_4__Erysipelotrichaceae;D_5__Faecalibaculum;D_6__uncultured bacterium,D_0__Bacteria;D_1__Firmicutes;D_2__Erysipelotrichia;D_3__Erysipelotrichales;D_4__Erysipelotrichaceae;D_5__Turicibacter;D_6__uncultured bacterium,D_0__Bacteria;D_1__Firmicutes;D_2__Erysipelotrichia;D_3__Erysipelotrichales;D_4__Erysipelotrichaceae;D_5__uncultured bacterium;D_6__uncultured bacterium,D_0__Bacteria;D_1__Firmicutes;D_2__Erysipelotrichia;D_3__Erysipelotrichales;D_4__Erysipelotrichaceae;D_5__uncultured;D_6__uncultured bacterium,D_0__Bacteria;D_1__Patescibacteria;D_2__Saccharimonadia;D_3__Saccharimonadales;D_4__Saccharimonadaceae;D_5__Candidatus Saccharimonas;D_6__uncultured bacterium,D_0__Bacteria;D_1__Proteobacteria;D_2__Alphaproteobacteria;D_3__Rhodospirillales;D_4__uncultured;D_5__uncultured alpha proteobacterium;D_6__uncultured alpha proteobacterium,D_0__Bacteria;D_1__Proteobacteria;D_2__Alphaproteobacteria;D_3__Rickettsiales;D_4__Mitochondria;D_5__Triticum aestivum (bread wheat);D_6__Triticum aestivum (bread wheat),D_0__Bacteria;D_1__Proteobacteria;D_2__Deltaproteobacteria;D_3__Desulfovibrionales;D_4__Desulfovibrionaceae;D_5__Desulfovibrio;D_6__uncultured bacterium,D_0__Bacteria;D_1__Proteobacteria;D_2__Gammaproteobacteria;D_3__Betaproteobacteriales;D_4__Burkholderiaceae;D_5__Parasutterella;__,D_0__Bacteria;D_1__Proteobacteria;D_2__Gammaproteobacteria;D_3__Enterobacteriales;D_4__Enterobacteriaceae;D_5__Escherichia-Shigella;__,D_0__Bacteria;D_1__Proteobacteria;D_2__Gammaproteobacteria;D_3__Enterobacteriales;D_4__Enterobacteriaceae;D_5__Proteus;D_6__Proteus mirabilis,D_0__Bacteria;D_1__Tenericutes;D_2__Mollicutes;D_3__Anaeroplasmatales;D_4__Anaeroplasmataceae;D_5__Anaeroplasma;D_6__uncultured bacterium,D_0__Bacteria;D_1__Tenericutes;D_2__Mollicutes;D_3__Mollicutes RF39;D_4__uncultured Firmicutes bacterium;D_5__uncultured Firmicutes bacterium;D_6__uncultured Firmicutes bacterium,D_0__Bacteria;D_1__Tenericutes;D_2__Mollicutes;D_3__Mollicutes RF39;D_4__uncultured bacterium;D_5__uncultured bacterium;D_6__uncultured bacterium,D_0__Bacteria;D_1__Tenericutes;D_2__Mollicutes;D_3__Mollicutes RF39;__;__;__,D_0__Bacteria;D_1__Verrucomicrobia;D_2__Verrucomicrobiae;D_3__Verrucomicrobiales;D_4__Akkermansiaceae;D_5__Akkermansia;D_6__uncultured bacterium,D_0__Bacteria;__;__;__;__;__;__,Unassigned;__;__;__;__;__;__,Sample,Treatment,Day,Treatment_Day
1,0,0,14,90,0,0,0,746,281,2886,12527,29,0,971,0,445,0,0,0,0,0,0,1463,18,25,9,0,16,0,567,427,0,17,5,0,56,51,41,339,1123,899,0,50,0,27,0,0,475,904,178,159,125,0,0,9227,1315,1069,197,331,0,2444,0,871,19,72,80,3070,172,7527,50,266,0,214,309,0,0,29,0,565,46,2075,759,0,0,1363,1866,37,0,19,43,11,147,156,31,0,0,0,1458,0,265,0,0,578,548,10,0,0,0,141,1564,515,315,0,0,14,62,0,0,0,19,320,0,0,754,11,0,0,46,0,20,6,37,7,44,1,ND,07_09,ND_07_09
2,0,0,23,155,9,0,0,683,395,2867,19651,96,10,988,6,59,0,0,0,0,0,0,9716,80,63,5,0,0,0,367,72,0,5,5,5,18,27,153,185,625,32,0,0,0,0,0,0,330,1223,102,29,79,0,0,9413,0,800,0,339,663,387,0,425,28,244,519,1885,28,2661,0,181,0,188,518,0,0,0,0,370,0,990,302,0,184,986,793,43,0,11,85,0,14,77,16,46,0,0,846,0,0,0,0,660,216,0,0,20,83,80,356,99,170,0,50,30,410,0,0,0,116,202,0,0,179,64,0,12,0,0,0,0,13,0,2,2,ND,07_09,ND_07_09
3,0,0,13,62,0,0,0,542,290,2105,14770,77,0,881,0,52,0,7,0,0,0,0,7570,481,338,7,0,0,0,581,98,0,6,0,0,18,7,82,150,563,41,0,0,0,0,0,0,167,1009,381,35,94,0,0,8381,0,333,0,167,340,103,0,330,9,95,219,1588,50,3483,0,121,0,146,377,0,0,0,7,358,0,993,288,0,265,632,1041,7,0,25,32,0,0,45,39,0,0,0,481,0,0,0,0,856,71,8,0,0,22,141,204,82,253,0,48,61,370,0,0,0,106,264,0,0,228,66,0,0,0,0,0,0,26,6,0,3,ND,07_09,ND_07_09
4,190,12,19,65,0,0,0,453,1100,5217,11069,269,75,503,0,226,0,11,4,0,0,0,75,1029,3286,34,0,22,0,76,104,0,0,16,0,0,24,25,7,414,135,0,15,17,0,0,0,145,869,407,48,0,0,0,3267,0,799,0,115,41,625,0,323,0,25,133,1242,120,6136,10,147,0,93,123,0,0,11,0,213,25,620,102,0,158,803,361,48,0,31,0,0,88,53,101,0,4,0,454,0,4781,0,396,302,220,0,18,0,408,40,212,100,67,0,0,4022,37,14,1191,0,0,172,17,0,28,212,0,0,0,0,0,0,294,0,4,4,ND,13_15,ND_13_15
5,40,7,19,35,0,0,0,327,1025,5703,14730,214,46,755,0,45,3,0,0,0,0,0,163,1594,5254,27,0,10,0,145,208,0,12,26,0,23,9,49,22,463,141,249,0,0,14,0,0,433,1247,1108,91,0,0,0,5540,0,1330,0,142,211,410,0,580,20,14,86,1201,187,8396,23,326,0,53,239,0,0,0,15,391,46,1326,376,0,98,1199,635,28,0,0,138,0,114,42,183,0,0,0,365,0,3220,0,87,962,263,0,3,35,299,152,239,23,616,0,0,1720,36,0,1004,0,0,512,0,0,22,154,0,0,0,0,0,0,124,0,0,5,ND,13_15,ND_13_15
6,48,0,22,44,0,0,3,595,445,2549,17555,142,41,700,0,398,0,0,0,0,0,0,907,872,836,14,0,11,0,370,67,0,20,0,0,22,22,43,86,840,436,0,0,14,0,0,0,467,1268,1293,196,52,519,0,9573,0,485,61,131,139,695,0,265,17,29,823,1713,281,3835,18,298,0,75,183,35,8,16,0,1983,113,1436,457,0,0,1430,1023,27,0,65,58,11,132,43,158,9,0,0,922,0,644,0,0,1963,545,0,0,0,0,82,162,377,157,0,16,331,79,33,104,6,0,253,0,0,312,106,10,0,0,0,0,26,19,0,0,6,ND,13_15,ND_13_15
7,89,345,53,96,10,0,0,528,488,7184,17030,572,245,417,0,31,0,0,0,52,0,0,377,2839,6357,74,0,46,42,211,117,0,6,0,13,0,13,63,0,393,78,200,159,17,0,0,0,98,755,351,4,0,24,0,2649,0,205,68,40,492,1121,0,218,0,79,175,434,375,2340,11,56,35,56,60,0,0,8,0,279,47,339,166,0,183,516,186,35,0,0,198,0,63,16,94,370,0,55,2627,0,2430,0,0,1084,1978,0,0,0,50,52,53,61,38,0,95,1248,84,15,3875,4,18,200,10,0,568,215,26,0,0,0,8,16,428,0,7,7,ND,19_21,ND_19_21
8,16,31,0,36,0,0,0,869,552,5098,12857,407,130,367,0,98,0,0,0,22,0,0,189,492,1774,61,0,28,10,420,196,0,9,31,0,14,8,54,19,258,108,97,38,0,28,0,0,198,446,213,0,24,33,0,4402,0,111,0,69,701,566,0,157,0,90,172,667,21,2505,9,76,48,67,116,0,0,16,0,574,58,518,247,0,338,789,303,45,0,0,209,0,65,49,200,35,27,0,2430,0,2129,0,0,1363,1128,0,0,8,104,87,123,0,243,0,59,179,77,0,2626,4,18,698,12,0,458,141,22,0,0,7,8,345,320,0,0,8,ND,19_21,ND_19_21
9,31,50,0,59,0,0,0,519,348,3868,11948,503,117,250,0,41,0,0,0,7,0,0,234,1314,903,31,0,258,13,354,71,0,0,15,0,0,0,47,17,220,122,54,16,0,0,0,0,122,339,74,77,0,6,0,1585,0,0,20,125,668,455,0,112,0,181,115,235,93,1013,0,27,28,42,191,0,0,0,0,258,11,368,80,0,248,414,223,28,0,10,111,0,19,23,189,46,23,223,3423,0,2738,11,0,1692,1212,0,0,0,39,56,138,36,44,13,77,455,60,12,2599,0,87,352,0,0,109,84,12,0,0,0,14,35,68,0,0,9,ND,19_21,ND_19_21
10,0,0,0,49,0,0,0,802,766,6051,10348,215,99,1563,0,88,0,542,0,223,87,36,140,305,544,48,0,0,0,284,73,0,11,12,0,12,26,0,44,196,265,2580,0,22,0,0,0,309,614,149,8,59,0,0,4552,0,485,0,85,151,284,0,240,0,122,381,768,306,4212,35,94,0,64,169,0,0,7,7,491,103,551,272,0,0,991,1156,30,0,0,94,0,34,66,53,24,7,106,1185,0,258,0,0,622,849,0,0,0,19,213,577,111,262,0,16,0,136,9,0,0,57,508,13,0,286,57,0,90,0,0,0,34,319,3,8,10,ND,01_03,ND_01_03
11,0,0,0,0,0,0,0,263,750,3757,8326,122,27,748,0,112,0,285,31,42,27,18,33,160,553,23,0,19,0,446,22,0,6,19,0,9,11,32,37,282,444,1414,0,0,0,0,0,240,491,194,21,55,0,0,6332,0,222,0,123,96,189,0,393,0,139,529,1056,283,3413,19,116,0,87,275,0,0,0,0,275,53,958,288,0,0,862,644,56,0,15,44,0,40,63,34,29,0,0,1351,0,55,0,0,752,335,0,0,0,31,74,518,81,114,0,16,0,197,0,0,0,60,673,4,0,277,21,0,69,0,0,8,55,63,0,0,11,ND,01_03,ND_01_03
12,0,0,0,28,0,0,0,556,1029,2421,8445,84,14,960,0,106,0,119,23,16,20,0,66,43,44,3,0,101,0,564,8,0,0,8,0,11,3,39,18,207,104,135,0,0,0,0,0,235,348,83,61,69,0,0,4853,0,203,0,62,225,115,0,405,14,62,19,1012,363,4866,17,163,0,67,152,0,0,23,0,410,35,985,250,0,0,575,722,30,0,9,79,0,29,58,84,0,4,0,1120,0,128,0,0,423,123,0,0,0,13,56,75,125,151,0,11,0,160,0,0,0,20,104,13,0,151,25,0,8,0,0,0,68,6,0,3,12,ND,01_03,ND_01_03
13,226,22,0,96,0,0,0,1224,329,5057,14367,72,8,672,0,9,0,0,0,0,0,0,666,362,2831,0,0,0,0,45,0,0,0,9,0,3,7,75,22,165,12,0,27,0,0,0,0,80,408,108,0,85,64,0,5104,0,332,0,47,686,200,0,48,0,67,138,405,91,620,0,36,0,77,129,0,0,0,0,31,0,159,41,0,16,353,154,23,0,18,25,0,8,30,70,0,0,0,1071,0,0,0,0,346,309,0,0,0,0,32,37,41,48,0,0,4271,187,61,116,0,60,110,0,0,232,531,0,18,0,0,0,0,25,0,5,13,HFD,07_09,HFD_07_09
14,29,7,0,82,0,0,0,1223,213,5017,11659,79,45,594,0,111,0,0,0,0,0,0,516,1326,3996,21,0,11,0,114,15,0,0,7,0,20,20,47,80,317,215,140,227,0,14,0,0,199,460,176,204,48,69,0,5074,0,291,0,154,77,563,0,146,0,35,144,701,90,4019,25,122,0,267,285,0,0,0,0,245,19,574,157,0,248,727,716,46,0,27,26,0,71,59,54,0,0,0,818,0,248,0,81,197,235,3,0,0,23,115,73,100,172,0,0,3952,67,20,113,0,55,296,0,0,471,147,0,0,0,0,0,14,104,0,5,14,HFD,07_09,HFD_07_09
15,27,0,0,65,0,0,0,1780,432,5205,10573,104,23,769,0,279,0,0,0,0,0,0,519,354,1729,13,0,0,0,9,15,0,0,10,0,25,20,53,56,359,58,19,86,0,0,0,0,423,338,280,2020,65,99,0,5719,0,638,0,393,121,551,0,52,18,104,60,1133,154,3922,16,235,0,273,751,0,0,0,8,523,34,830,301,0,127,885,588,44,0,10,36,0,7,81,40,0,0,0,2093,0,24,0,0,67,247,0,0,0,20,75,67,48,514,0,45,3022,114,15,171,0,53,207,0,0,725,167,0,0,0,0,0,0,112,0,0,15,HFD,07_09,HFD_07_09
16,329,53,0,43,7,0,0,290,212,3306,9128,98,17,602,0,67,0,0,0,0,7,0,241,212,2611,13,0,0,2140,55,0,0,8,0,15,20,8,19,49,160,104,0,159,0,6,0,0,92,723,494,64,34,32,0,5971,0,478,40,196,0,560,0,199,20,28,0,724,36,3150,20,103,0,177,327,0,0,24,0,280,17,431,467,0,308,589,628,35,0,13,27,0,65,30,43,0,0,0,880,0,1363,0,240,511,72,0,56,0,158,81,0,145,97,0,7,1805,23,40,2550,0,37,52,5,0,21,226,0,0,0,0,0,0,475,0,12,16,HFD,13_15,HFD_13_15
17,159,89,0,11,0,0,0,1586,560,4806,11855,199,38,1368,0,473,0,0,0,0,0,0,149,21,339,15,0,0,1113,508,0,0,8,10,13,32,0,25,39,380,132,0,68,0,0,0,0,134,493,563,1101,0,0,0,8130,85,1094,0,107,28,752,0,301,30,23,23,1754,146,5547,34,172,0,183,190,0,0,44,0,388,40,783,413,0,178,1036,929,65,0,0,59,9,92,36,114,0,0,0,876,0,1356,0,106,206,193,0,491,7,0,75,79,246,288,0,0,3133,27,46,1283,0,64,14,0,0,31,611,0,0,0,0,0,9,1740,0,8,17,HFD,13_15,HFD_13_15
18,189,87,0,23,6,0,0,858,648,4300,12268,341,105,1286,0,103,0,0,0,0,13,0,220,776,5151,22,0,14,3697,236,0,0,0,15,0,0,10,35,51,224,102,0,0,12,0,0,0,243,550,419,298,24,23,0,4845,0,333,0,65,336,112,0,185,16,74,99,359,213,2984,23,95,0,28,229,0,0,18,11,446,81,520,255,0,157,733,604,57,0,0,94,0,50,41,142,0,0,0,3911,0,1580,0,707,1513,208,0,1445,0,4,70,48,196,197,0,0,1647,55,46,2641,0,53,80,0,0,22,633,0,11,0,0,0,0,278,0,0,18,HFD,13_15,HFD_13_15
19,371,123,25,55,0,0,0,602,301,4539,10748,159,68,1034,0,17,0,0,0,0,0,0,106,1032,4662,31,0,0,2237,140,0,0,7,7,0,12,0,59,0,93,61,763,105,0,0,0,0,105,166,23,8,25,0,0,4499,63,223,0,69,12,354,0,53,29,18,16,353,183,1601,15,52,1324,41,66,0,0,7,0,213,43,298,381,0,266,735,371,62,44,7,57,8,42,31,102,32,90,16,1759,0,1073,0,0,211,281,0,980,0,0,50,35,77,236,0,6,343,13,57,3766,0,91,72,4,0,23,609,0,0,0,0,23,51,144,0,2,19,HFD,19_21,HFD_19_21
20,130,59,0,19,0,0,0,443,319,3516,8893,161,59,1085,0,22,0,0,0,0,0,0,139,639,2517,25,0,0,1535,265,0,0,0,22,0,0,5,57,0,79,84,571,0,0,14,0,0,104,185,95,0,17,24,0,3117,0,173,32,246,14,255,0,0,44,0,18,392,208,1634,0,39,1249,14,91,0,0,8,0,86,54,222,196,0,196,699,339,54,0,0,63,7,13,31,44,127,18,5,2352,0,2382,0,0,438,252,0,1531,0,9,45,26,0,253,0,6,126,23,36,1942,0,79,33,0,0,17,340,0,0,0,0,70,41,37,0,0,20,HFD,19_21,HFD_19_21
21,15,11,0,47,0,0,0,2612,883,4414,11500,616,93,2662,0,105,0,0,0,0,0,0,380,44,753,44,0,0,18,245,0,0,13,8,0,21,15,45,107,666,244,79,0,0,0,0,0,167,479,236,0,58,34,0,8274,0,61,0,83,134,613,0,346,18,61,275,1449,801,4199,8,162,1566,312,311,0,0,43,5,516,67,766,366,0,262,868,1696,69,110,8,19,0,10,42,77,14,0,12,391,0,0,0,0,231,33,0,28,0,0,293,125,230,343,0,12,485,15,69,506,5,98,102,12,0,40,354,6,19,0,0,18,0,2140,0,13,21,HFD,19_21,HFD_19_21
22,666,0,0,53,0,0,0,620,304,5427,10131,126,52,1541,0,648,0,7,0,0,0,0,55,302,941,14,0,16,757,398,19,0,11,0,0,25,18,36,315,405,657,758,57,0,0,0,0,161,579,385,18,93,0,0,4988,0,916,114,272,0,740,0,413,72,24,193,1401,251,5428,29,194,0,187,743,175,5,15,0,688,41,1581,438,0,647,1688,1184,45,49,25,0,22,88,91,46,23,0,0,1130,0,2261,0,0,439,361,0,667,0,3,224,146,138,131,0,0,2091,27,183,574,0,18,192,0,0,60,360,0,0,0,0,9,86,1547,0,5,22,HFD,01_03,HFD_01_03
23,0,0,0,31,0,0,0,2160,797,5688,12520,322,163,2739,0,186,0,15,0,0,30,0,194,116,109,34,0,24,210,1008,0,0,16,0,0,20,11,36,56,349,169,1626,313,0,0,0,0,375,430,279,18,135,0,0,9137,5,228,116,59,93,276,0,615,27,34,102,1134,559,6762,19,143,0,231,403,0,0,33,52,1017,92,1706,322,0,289,1287,2516,79,35,44,41,24,34,111,69,0,0,60,595,0,292,0,0,479,552,0,12,0,0,275,186,203,749,0,14,26,58,0,180,0,80,110,0,0,212,214,8,0,68,0,0,0,486,0,14,23,HFD,01_03,HFD_01_03
24,143,0,0,21,0,0,0,368,200,3494,6931,167,68,826,0,206,0,0,0,0,0,0,45,185,462,6,0,0,1592,386,21,0,13,5,0,17,11,0,90,359,281,873,524,0,0,0,0,93,432,186,134,49,0,0,9955,0,525,58,80,0,349,0,542,16,8,0,494,318,2855,37,130,0,253,328,0,0,12,28,471,46,1130,673,0,206,1072,1420,49,224,81,0,0,126,59,38,11,0,0,892,0,129,0,0,236,164,0,37,0,0,124,487,345,150,0,0,416,0,43,1095,0,73,48,0,0,499,184,7,0,18,0,0,0,554,0,5,24,HFD,01_03,HFD_01_03
25,38,15,0,35,0,0,0,1340,358,4790,9406,93,21,1386,0,14,0,0,0,0,0,0,258,0,4,13,7,35,63,170,0,0,0,17,0,13,0,46,30,61,80,503,160,9,0,0,0,205,229,100,186,24,0,2,2904,11,254,0,40,136,197,0,316,6,58,102,303,185,949,8,34,0,54,44,0,0,9,0,125,35,229,92,0,0,489,302,64,0,0,78,0,19,29,13,17,0,0,927,0,125,0,0,405,179,0,843,9,94,29,52,67,128,0,0,1947,69,10,1907,0,20,69,0,0,192,181,0,0,0,0,0,16,430,0,0,25,H_J,07_09,H_J_07_09
26,308,64,16,103,0,0,0,1229,381,7479,12546,118,37,811,0,26,0,0,0,0,0,0,485,20,0,29,5,10,673,221,8,0,0,12,0,44,38,96,105,225,197,1520,711,12,0,0,0,333,900,205,476,75,75,0,6011,0,727,73,178,438,617,0,337,14,89,174,1115,122,2852,15,135,0,219,207,0,0,15,0,435,75,459,393,31,0,976,608,85,0,48,106,0,67,56,56,0,0,0,1447,0,1121,0,0,244,494,0,173,10,26,92,82,37,408,0,0,1105,19,22,2853,0,36,278,5,0,539,198,12,0,0,0,0,44,391,0,16,26,H_J,07_09,H_J_07_09
27,38,16,11,49,0,0,0,1597,426,5386,10577,128,32,842,0,9,0,0,0,0,0,0,282,0,0,15,10,29,39,162,0,0,0,21,0,9,8,56,72,92,87,427,243,0,0,0,0,232,249,95,309,23,0,0,3929,13,331,0,40,255,342,0,394,0,81,77,368,202,1027,5,0,0,115,70,0,0,0,4,137,21,274,85,0,0,579,358,50,0,14,88,0,0,26,32,0,0,0,1173,0,211,0,0,451,226,0,456,0,108,43,35,17,183,0,0,3838,87,23,2824,0,25,125,0,0,323,265,9,0,0,0,0,29,572,0,0,27,H_J,07_09,H_J_07_09
28,1045,326,33,0,17,0,0,871,333,4598,9890,134,28,830,0,96,0,0,0,0,0,0,56,0,0,14,0,0,0,59,10,0,9,5,0,7,19,0,0,124,97,1135,0,11,0,0,0,39,231,79,0,75,0,0,5145,0,254,0,145,93,454,0,101,25,33,119,980,51,3014,0,137,0,118,106,0,0,0,9,327,14,690,647,0,6,1195,349,65,0,42,119,12,136,37,29,0,0,0,298,0,1284,0,0,198,1460,0,0,0,8,86,63,42,310,0,6,173,33,81,2263,0,49,62,0,0,270,647,0,0,0,0,0,12,838,0,0,28,H_J,13_15,H_J_13_15
29,799,171,0,30,7,0,0,1432,429,5564,9886,345,55,1281,0,11,0,0,0,0,0,0,54,0,0,19,0,0,0,44,92,0,16,0,0,18,10,59,14,312,247,1868,45,0,7,0,0,142,209,188,22,85,8,0,4244,28,513,0,0,15,488,26,288,50,32,182,1045,377,3486,40,135,0,70,113,0,0,16,0,268,52,428,522,528,30,1506,697,73,0,12,191,0,87,48,38,53,0,0,2871,0,1372,0,0,1004,2169,0,0,0,11,75,0,175,279,0,0,108,59,57,1767,0,61,406,0,0,602,463,0,0,0,0,0,23,740,0,7,29,H_J,13_15,H_J_13_15
30,488,95,13,29,0,0,0,1999,498,7250,14205,281,94,2033,0,60,0,0,0,0,0,0,214,0,0,28,0,0,0,144,9,0,0,20,0,5,7,0,46,152,0,0,253,0,0,0,0,50,435,71,400,32,170,0,5068,0,0,0,127,366,140,0,86,0,60,72,698,36,2326,0,90,0,57,109,0,0,0,0,484,23,327,78,0,44,771,542,144,0,0,106,0,25,20,209,0,0,0,1677,0,282,0,0,551,1950,0,286,0,0,61,57,145,314,0,0,4545,73,7,470,0,94,119,0,0,131,389,0,8,0,0,0,0,113,0,15,30,H_J,13_15,H_J_13_15
31,31,22,21,29,0,0,0,1612,547,6156,12816,236,31,1078,0,92,0,0,0,0,0,0,184,0,149,33,0,0,0,103,43,0,0,0,0,24,14,81,45,351,152,0,164,0,13,0,0,87,508,95,0,39,0,0,5985,10,590,90,137,73,533,0,404,25,73,417,366,43,2453,37,76,0,374,162,0,0,5,33,508,26,430,524,157,0,1341,279,73,0,9,168,0,60,28,41,51,0,34,947,0,6525,0,0,244,240,0,1094,0,9,66,151,0,427,0,18,2243,82,38,2581,0,252,411,0,0,539,188,0,0,14,0,6,77,1097,0,0,31,H_J,19_21,H_J_19_21
32,96,16,0,28,0,0,0,1559,596,4843,9481,271,58,1119,0,741,0,0,0,0,0,0,43,0,280,26,0,4,0,202,44,0,12,14,12,17,20,54,221,622,447,0,72,0,14,0,0,240,300,122,11,38,38,0,5164,0,441,0,53,43,609,19,558,51,25,170,1042,522,2628,68,116,0,548,326,0,0,27,0,369,75,570,547,112,0,1338,555,73,0,15,92,14,90,89,112,0,0,0,929,0,471,0,0,253,139,0,1107,0,8,156,22,78,615,0,0,2462,62,60,1642,0,86,306,0,0,989,166,0,0,0,0,7,33,672,0,8,32,H_J,19_21,H_J_19_21
33,237,19,0,35,0,0,0,1288,429,4663,9752,319,31,1082,0,0,0,0,0,0,0,0,124,0,1158,26,0,7,0,151,109,0,11,12,0,12,10,44,189,517,277,0,324,0,15,0,0,210,501,101,4,52,0,0,8317,22,772,0,0,74,735,0,905,17,15,118,1440,21,3250,73,164,0,488,144,0,0,14,22,245,48,575,455,1027,9,1179,578,34,0,46,190,0,121,61,44,45,0,24,1280,0,1012,0,0,247,122,0,1086,0,25,185,39,329,257,0,0,1927,6,66,2898,0,33,292,0,0,833,90,0,0,0,0,0,9,685,0,11,33,H_J,19_21,H_J_19_21
34,676,12,0,57,0,0,0,3342,634,6945,11265,495,122,2819,0,14,0,0,7,0,0,0,480,0,95,20,0,6,0,53,0,0,0,12,0,0,0,0,162,32,19,0,156,10,0,0,0,180,246,0,326,23,154,0,4872,0,265,34,178,432,148,0,78,0,60,0,496,75,3266,0,73,0,61,75,0,0,2,0,350,19,260,69,0,34,532,437,106,0,14,95,0,15,12,38,87,6,0,2402,0,177,0,0,607,2578,0,0,19,420,60,62,0,241,0,0,4869,39,8,0,0,185,178,0,0,70,503,44,0,0,0,4,18,719,0,18,34,H_J,01_03,H_J_01_03
35,79,0,0,17,0,0,0,2661,577,6349,11254,463,186,2084,0,31,0,0,0,0,0,0,250,0,0,16,0,0,0,372,0,0,5,17,0,5,0,54,187,127,0,0,230,0,0,0,0,132,168,0,535,17,160,0,7072,0,31,0,19,306,90,0,90,0,0,63,806,22,2454,0,85,0,47,195,0,0,13,0,302,31,329,59,0,85,565,355,58,0,8,76,0,32,25,25,175,0,0,801,0,27,0,0,407,1505,0,0,12,0,53,70,0,152,0,0,1067,6,0,6,0,96,320,0,0,105,372,26,0,0,0,0,0,79,0,8,35,H_J,01_03,H_J_01_03
36,257,0,0,14,0,0,0,2097,470,5237,8551,457,142,2339,0,15,0,0,0,0,0,0,168,0,320,23,0,0,0,225,0,0,0,8,0,0,0,53,127,76,0,0,102,0,0,0,0,65,123,0,422,0,0,0,4258,127,13,0,38,74,48,0,26,0,66,26,364,46,1562,0,42,0,12,34,0,0,0,0,178,10,336,31,0,32,344,308,97,0,11,78,0,16,0,127,0,0,0,2148,0,73,0,0,362,2344,0,0,16,180,37,20,76,108,0,11,2053,0,0,0,0,112,218,0,5,81,376,5,0,0,0,7,11,1186,0,7,36,H_J,01_03,H_J_01_03
37,1339,0,14,94,0,0,0,1360,223,3538,13010,197,27,1150,0,108,0,0,0,0,0,0,1766,382,0,15,0,12,0,141,11,0,0,9,5,18,21,49,62,297,480,1017,254,0,11,0,0,292,474,381,123,0,12,0,3916,0,425,0,338,37,656,140,176,21,64,527,795,133,3949,38,133,0,84,79,0,0,12,0,298,63,189,300,0,128,1365,425,66,0,11,83,0,52,62,23,33,8,0,1837,0,1195,0,0,218,810,0,1480,0,200,83,813,0,526,0,0,1633,56,61,3313,0,31,123,0,0,497,174,0,0,10,0,0,12,421,0,0,37,H_J_P,07_09,H_J_P_07_09
38,1007,0,0,138,0,0,0,952,218,4586,15420,245,54,1262,0,35,0,0,0,0,0,0,686,365,0,34,0,16,0,49,6,0,6,13,0,18,21,66,114,336,136,992,17,0,0,22,0,216,707,142,930,46,0,0,5434,23,486,0,636,331,478,0,132,25,90,249,887,122,4416,10,127,0,148,343,0,0,0,0,539,46,635,228,0,92,1066,675,62,0,16,84,0,55,58,89,0,0,0,1690,0,305,0,0,1755,1211,0,996,0,247,108,589,126,553,0,16,3400,73,311,2226,0,31,59,0,0,507,177,0,0,0,0,0,24,173,0,15,38,H_J_P,07_09,H_J_P_07_09
39,1461,0,12,142,0,0,0,995,169,3204,11227,168,25,1116,0,279,0,0,0,0,0,0,360,85,0,13,0,18,0,362,56,0,8,6,0,21,37,27,134,706,856,806,580,0,0,0,0,312,594,565,20,50,0,0,5318,19,786,0,310,11,1379,261,188,24,20,639,901,614,5832,56,296,0,202,112,0,0,19,0,281,67,351,586,0,267,2031,913,34,0,61,68,0,88,98,35,0,9,0,863,0,1158,0,0,166,537,0,603,0,69,192,1592,253,396,0,0,1402,19,41,1517,0,31,106,0,0,1388,174,0,0,0,0,0,11,17,0,0,39,H_J_P,07_09,H_J_P_07_09
40,0,0,0,136,0,4,0,316,134,4895,11186,166,42,445,0,244,0,0,0,0,0,0,499,0,0,20,0,4,0,35,13,0,0,0,0,23,37,0,113,32,525,1184,20,0,0,0,0,163,652,483,8,82,0,0,7047,12,799,0,1138,41,893,0,275,20,0,279,865,463,3362,7,213,0,78,485,0,0,22,15,867,42,421,594,0,0,1241,1162,60,0,83,78,8,55,63,28,0,0,0,357,0,49,0,0,362,452,0,729,0,15,158,464,312,497,0,0,1017,14,12,0,0,52,94,0,0,826,162,0,0,0,0,0,5,66,3,0,40,H_J_P,13_15,H_J_P_13_15
41,0,0,0,38,0,0,0,281,234,5458,13195,70,27,665,0,523,0,0,0,0,0,0,187,0,0,28,0,0,0,135,0,0,0,0,0,19,10,39,51,433,625,1316,16,0,0,0,0,220,973,952,588,55,0,0,9921,25,953,0,582,50,364,0,552,0,9,263,1279,400,3307,26,254,0,40,326,0,0,6,0,381,45,914,546,0,0,1359,1686,69,0,34,199,0,34,129,35,0,0,0,678,0,0,0,0,324,277,0,2035,0,18,283,2969,357,383,0,0,303,41,0,0,0,91,371,0,0,871,242,0,0,0,0,0,8,29,11,0,41,H_J_P,13_15,H_J_P_13_15
42,0,0,0,41,0,0,0,1218,378,6504,15500,312,85,1078,0,49,0,0,0,0,0,0,203,0,0,42,0,54,0,81,6,0,9,16,0,11,13,0,53,271,564,1229,18,0,15,0,0,309,677,288,17,49,0,0,5708,17,149,0,182,0,274,0,534,12,97,155,1983,196,5157,8,115,0,28,397,0,0,15,0,650,60,801,292,0,5,1110,1624,163,0,43,239,0,0,35,30,38,0,0,2263,0,74,0,0,1412,696,0,1851,10,34,172,82,231,497,0,11,1064,91,18,2,0,416,326,0,0,188,233,0,0,0,0,0,34,27,6,0,42,H_J_P,13_15,H_J_P_13_15
43,183,223,0,98,0,0,0,1047,317,5904,9092,139,48,939,0,152,0,0,0,0,0,0,77,0,646,22,0,0,574,40,12,0,9,9,0,25,32,56,43,148,145,1087,155,0,0,0,0,219,473,85,0,32,8,0,4698,138,415,0,367,82,713,144,123,23,16,157,757,155,4085,73,121,0,161,93,0,0,8,13,397,23,448,784,0,27,1123,739,153,0,0,80,11,46,48,91,0,0,0,1222,0,1603,0,0,164,470,0,1452,0,28,53,0,167,265,0,0,381,69,37,2471,0,76,234,0,0,895,405,0,0,0,0,0,39,955,0,8,43,H_J_P,19_21,H_J_P_19_21
44,71,79,0,0,0,0,0,1694,391,5984,8199,268,38,1834,0,20,0,0,0,0,0,0,53,0,231,34,0,0,481,130,16,0,6,0,9,9,7,43,0,90,32,1079,15,5,0,0,0,150,215,70,0,17,0,0,3589,0,293,0,293,74,285,90,94,14,30,91,246,260,2049,39,67,0,27,77,0,0,0,8,215,32,236,308,0,66,955,434,131,0,20,130,0,36,24,74,0,4,0,1177,0,1746,0,0,178,1212,0,3122,0,17,40,0,128,153,0,6,137,57,0,2936,0,62,340,0,0,309,546,5,0,0,0,9,19,1204,0,0,44,H_J_P,19_21,H_J_P_19_21
45,236,104,15,49,0,0,0,1117,312,4641,8512,319,72,1167,0,367,0,0,0,0,0,0,36,0,1161,36,0,0,396,59,38,0,10,0,0,16,17,27,105,609,317,462,11,0,0,0,0,460,765,183,0,57,0,0,7961,0,772,0,281,61,560,313,324,46,13,176,972,928,5125,115,125,0,145,422,0,0,0,9,631,27,727,1037,0,31,1619,1135,64,0,36,82,10,82,75,67,0,0,0,1510,0,2505,0,0,402,204,0,1296,0,37,115,0,143,840,0,0,650,19,40,2459,0,49,392,0,0,1306,317,0,0,0,0,0,16,480,5,0,45,H_J_P,19_21,H_J_P_19_21
46,187,57,0,74,5,5,0,1105,398,7389,10013,239,64,1892,0,21,0,67,5,0,0,0,273,0,0,34,0,8,616,57,0,0,0,8,0,13,16,49,36,181,232,0,98,11,0,0,53,182,558,180,1642,33,0,0,4471,0,167,0,926,83,1020,0,43,0,112,168,407,176,5291,33,75,0,11,96,0,0,0,0,268,19,413,324,0,0,1271,404,145,0,11,220,0,38,71,88,0,4,0,2432,3,208,0,0,236,732,11,2919,0,27,127,1274,128,180,0,16,1384,19,35,4583,0,90,159,0,0,420,345,0,0,0,0,0,20,1327,0,0,46,H_J_P,01_03,H_J_P_01_03
47,99,78,0,66,0,0,0,2391,1625,5773,14870,270,73,3704,0,101,0,0,0,0,0,0,107,0,0,74,0,0,202,250,0,0,0,23,0,0,0,110,19,256,62,0,0,0,0,0,0,184,420,45,1653,0,59,0,6955,0,134,0,400,520,85,0,8,0,162,188,491,289,2738,0,120,0,38,188,0,0,0,0,218,26,399,255,0,0,973,360,41,0,9,170,0,20,40,286,0,0,0,4206,0,149,0,0,439,1230,9,1476,0,99,118,740,63,79,0,35,1959,475,75,1040,0,106,446,4,0,252,658,0,14,0,0,0,0,1222,0,15,47,H_J_P,01_03,H_J_P_01_03
48,65,36,0,52,0,6,0,2102,528,6365,9701,296,36,2695,0,63,0,81,0,0,0,0,165,0,0,37,0,8,0,145,12,3,0,13,0,11,11,43,34,353,121,2663,0,0,0,0,0,215,583,218,2119,23,9,0,6949,0,216,0,370,278,90,0,77,9,40,118,588,442,2884,4,134,0,59,319,0,0,0,0,241,14,702,147,0,75,1183,564,36,0,60,176,0,27,45,98,0,0,0,425,0,26,0,0,218,463,15,1184,0,26,122,418,244,163,0,13,1676,87,136,215,0,34,72,0,0,253,429,0,0,0,0,0,0,151,0,4,48,H_J_P,01_03,H_J_P_01_03
H_J,341,63,8,36,2,0,0,1752,473,5772,10802,278,70,1475,0,92,0,0,1,0,0,0,217,2,167,22,2,8,65,159,26,0,4,12,1,13,11,45,100,224,134,454,205,4,4,0,0,160,342,88,224,40,50,0,5247,18,349,16,80,192,367,4,299,16,49,127,752,142,2439,21,91,0,180,132,0,0,8,6,311,36,409,292,155,20,901,447,77,0,18,116,2,56,36,64,36,1,5,1408,0,1057,0,0,414,1117,0,420,6,74,79,54,81,285,0,3,2195,45,31,1601,0,87,232,0,0,390,320,8,1,1,0,2,23,627,0,8,0,H_J,0,0
H_J_01_03,337,4,0,29,0,0,0,2700,560,6177,10357,472,150,2414,0,20,0,0,2,0,0,0,299,0,138,20,0,2,0,217,0,0,2,12,0,2,0,36,159,78,6,0,163,3,0,0,0,126,179,0,428,13,105,0,5401,42,103,11,78,271,95,0,65,0,42,30,555,48,2427,0,67,0,40,101,0,0,5,0,277,20,308,53,0,50,480,367,87,0,11,83,0,21,12,63,87,2,0,1784,0,92,0,0,459,2142,0,0,16,200,50,51,25,167,0,4,2663,15,3,2,0,131,239,0,2,85,417,25,0,0,0,4,10,661,0,11,0,H_J,0,0
H_J_07_09,128,32,9,62,0,0,0,1389,388,5885,10843,113,30,1013,0,16,0,0,0,0,0,0,342,7,1,19,7,25,258,184,3,0,0,17,0,22,15,66,69,126,121,817,371,7,0,0,0,257,459,133,324,41,25,1,4281,8,437,24,86,276,385,0,349,7,76,118,595,170,1609,9,56,0,129,107,0,0,8,1,232,44,321,190,10,0,681,423,66,0,21,91,0,29,37,34,6,0,0,1182,0,486,0,0,367,300,0,491,6,76,55,56,40,240,0,0,2297,58,18,2528,0,27,157,2,0,351,215,7,0,0,0,0,30,464,0,5,0,H_J,0,0
H_J_13_15,777,197,15,20,8,0,0,1434,420,5804,11327,253,59,1381,0,56,0,0,0,0,0,0,108,0,0,20,0,0,0,82,37,0,8,8,0,10,12,20,20,196,115,1001,99,4,2,0,0,77,292,113,141,64,59,0,4819,9,256,0,91,158,361,9,158,25,42,124,908,155,2942,13,121,0,82,109,0,0,5,3,360,30,482,416,176,27,1157,529,94,0,18,139,4,83,35,92,18,0,0,1615,0,979,0,0,584,1860,0,95,0,6,74,40,121,301,0,2,1609,55,48,1500,0,68,196,0,0,334,500,0,3,0,0,0,12,564,0,7,0,H_J,0,0
H_J_19_21,121,19,7,31,0,0,0,1486,524,5221,10683,275,40,1093,0,278,0,0,0,0,0,0,117,0,529,28,0,4,0,152,65,0,8,9,4,18,15,60,152,497,292,0,187,0,14,0,0,179,436,106,5,43,13,0,6489,11,601,30,63,63,626,6,622,31,38,235,949,195,2777,59,119,0,470,211,0,0,15,18,374,50,525,509,432,3,1286,471,60,0,23,150,5,90,59,66,32,0,19,1052,0,2669,0,0,248,167,0,1096,0,14,136,71,136,433,0,6,2211,50,55,2374,0,124,336,0,0,787,148,0,0,5,0,4,40,818,0,6,0,H_J,0,0
H_J_P,387,48,3,77,0,1,0,1215,411,5353,11660,224,49,1496,0,164,0,12,0,0,0,0,368,69,170,32,0,10,189,124,14,0,4,8,1,15,19,42,64,309,341,986,99,1,2,2,4,244,591,299,592,37,7,0,5997,20,466,0,485,131,566,79,211,16,54,251,848,348,4016,34,148,0,85,245,0,0,7,4,416,39,520,450,0,58,1275,843,85,0,32,134,2,44,62,79,6,2,0,1555,0,752,0,0,490,691,3,1595,1,68,131,745,179,378,0,8,1251,85,64,1730,0,89,227,0,0,643,322,0,1,1,0,1,16,506,2,4,0,H_J_P,0,0
H_J_P_01_03,117,57,0,64,2,4,0,1866,850,6509,11528,268,58,2764,0,62,0,49,2,0,0,0,182,0,0,48,0,5,273,151,4,1,0,15,0,8,9,67,30,263,138,888,33,4,0,0,18,194,520,148,1805,19,23,0,6125,0,172,0,565,294,398,0,43,3,105,158,495,302,3638,12,110,0,36,201,0,0,0,0,242,20,505,242,0,25,1142,443,74,0,27,189,0,28,52,157,0,1,0,2354,1,128,0,0,298,808,12,1860,0,51,122,811,145,141,0,21,1673,194,82,1946,0,77,226,1,0,308,477,0,5,0,0,0,7,900,0,6,0,H_J_P,0,0
H_J_P_07_09,1269,0,9,125,0,0,0,1102,203,3776,13219,203,35,1176,0,141,0,0,0,0,0,0,937,277,0,21,0,15,0,184,24,0,5,9,2,19,26,47,103,446,491,938,284,0,4,7,0,273,592,363,358,32,4,0,4889,14,566,0,428,126,838,134,165,23,58,472,861,290,4732,35,185,0,145,178,0,0,10,0,373,59,392,371,0,162,1487,671,54,0,29,78,0,65,73,49,11,6,0,1463,0,886,0,0,713,853,0,1026,0,172,128,998,126,492,0,5,2145,49,138,2352,0,31,96,0,0,797,175,0,0,3,0,0,16,204,0,5,0,H_J_P,0,0
H_J_P_13_15,0,0,0,72,0,1,0,605,249,5619,13294,183,51,729,0,272,0,0,0,0,0,0,296,0,0,30,0,19,0,84,6,0,3,5,0,18,20,13,72,245,571,1243,18,0,5,0,0,231,767,574,204,62,0,0,7559,18,634,0,634,30,510,0,454,11,35,232,1376,353,3942,14,194,0,49,403,0,0,14,5,633,49,712,477,0,2,1237,1491,97,0,53,172,3,30,76,31,13,0,0,1099,0,41,0,0,699,475,0,1538,3,22,204,1172,300,459,0,4,795,49,10,1,0,186,264,0,0,628,212,0,0,0,0,0,16,41,7,0,0,H_J_P,0,0
H_J_P_19_21,163,135,5,49,0,0,0,1286,340,5510,8601,242,53,1313,0,180,0,0,0,0,0,0,55,0,679,31,0,0,484,76,22,0,8,3,3,17,19,42,49,282,165,876,60,2,0,0,0,276,484,113,0,35,3,0,5416,46,493,0,314,72,519,182,180,28,20,141,658,448,3753,76,104,0,111,197,0,0,3,10,414,27,470,710,0,41,1232,769,116,0,19,97,7,55,49,77,0,1,0,1303,0,1951,0,0,248,629,0,1957,0,27,69,0,146,419,0,2,389,48,26,2622,0,62,322,0,0,837,423,2,0,0,0,3,25,880,2,3,0,H_J_P,0,0
HFD,190,38,2,46,1,0,0,1147,433,4564,10881,204,62,1265,0,186,0,2,0,0,4,0,269,447,2175,20,0,5,1108,284,6,0,6,8,2,16,10,41,72,296,177,402,131,1,3,0,0,181,437,270,322,53,29,0,6234,13,441,30,148,125,444,0,242,24,40,89,858,254,3560,19,124,345,170,321,15,0,17,9,409,45,750,334,0,242,889,929,52,39,19,37,6,51,54,70,17,9,8,1397,0,892,0,95,406,242,0,437,1,18,122,109,147,265,0,8,1776,51,51,1245,0,63,110,2,0,196,365,2,4,7,0,10,17,637,0,6,0,HFD,0,0
HFD_01_03,270,0,0,35,0,0,0,1049,434,4870,9861,205,94,1702,0,347,0,7,0,0,10,0,98,201,504,18,0,13,853,597,13,0,13,2,0,21,13,24,154,371,369,1086,298,0,0,0,0,210,480,283,57,92,0,0,8027,2,556,96,137,31,455,0,523,38,22,98,1010,376,5015,28,156,0,224,491,58,2,20,27,725,60,1472,478,0,381,1349,1707,58,103,50,14,15,83,87,51,11,0,20,872,0,894,0,0,385,359,0,239,0,1,208,273,229,343,0,5,844,28,75,616,0,57,117,0,0,257,253,5,0,29,0,3,29,862,0,8,0,HFD,0,0
HFD_07_09,94,10,0,81,0,0,0,1409,325,5093,12200,85,25,678,0,133,0,0,0,0,0,0,567,681,2852,11,0,4,0,56,10,0,0,9,0,16,16,58,53,280,95,53,113,0,5,0,0,234,402,188,741,66,77,0,5299,0,420,0,198,295,438,0,82,6,69,114,746,112,2854,14,131,0,206,388,0,0,0,3,266,18,521,166,0,130,655,486,38,0,18,29,0,29,57,55,0,0,0,1327,0,91,0,27,203,264,1,0,0,14,74,59,63,245,0,15,3748,123,32,133,0,56,204,0,0,476,282,0,6,0,0,0,5,80,0,3,0,HFD,0,0
HFD_13_15,226,76,0,26,4,0,0,911,473,4137,11084,213,53,1085,0,214,0,0,0,0,7,0,203,336,2700,17,0,5,2317,266,0,0,5,8,9,17,6,26,46,255,113,0,76,4,2,0,0,156,589,492,488,19,18,0,6315,28,635,13,123,121,475,0,228,22,42,41,946,132,3894,26,123,0,129,249,0,0,29,4,371,46,578,378,0,214,786,720,52,0,4,60,3,69,36,100,0,0,0,1889,0,1433,0,351,743,158,0,664,2,54,75,42,196,194,0,2,2195,35,44,2158,0,51,49,2,0,25,490,0,4,0,0,0,3,831,0,7,0,HFD,0,0
HFD_19_21,172,64,8,40,0,0,0,1219,501,4156,10380,312,73,1594,0,48,0,0,0,0,0,0,208,572,2644,33,0,0,1263,217,0,0,7,12,0,11,7,54,36,279,130,471,35,0,5,0,0,125,277,118,3,33,19,0,5297,21,152,11,133,53,407,0,133,30,26,103,731,397,2478,8,84,1380,122,156,0,0,19,2,272,55,429,314,0,241,767,802,62,51,5,46,5,22,35,74,58,36,11,1501,0,1152,0,0,293,189,0,846,0,3,129,62,102,277,0,8,318,17,54,2071,2,89,69,5,0,27,434,2,6,0,0,37,31,774,0,5,0,HFD,0,0
ND,35,37,14,60,2,0,0,574,622,4142,13271,228,67,759,1,142,0,80,5,30,11,5,1744,769,1665,28,0,43,5,365,122,0,8,11,2,15,17,52,77,465,234,394,23,6,6,0,0,268,793,378,61,46,49,0,5815,110,504,29,144,311,616,0,360,9,96,271,1239,190,4199,16,156,9,96,226,3,1,9,2,514,45,930,299,0,123,880,746,35,0,15,91,2,62,58,99,47,5,32,1389,0,1387,1,40,938,624,2,2,5,89,98,352,134,203,1,32,672,142,7,950,1,42,355,6,0,281,96,6,15,4,1,5,49,143,1,6,0,ND,0,0
ND_01_03,0,0,0,26,0,0,0,540,848,4076,9040,140,47,1090,0,102,0,315,18,94,45,18,80,169,380,25,0,40,0,431,34,0,6,13,0,11,13,24,33,228,271,1376,0,7,0,0,0,261,484,142,30,61,0,0,5246,0,303,0,90,157,196,0,346,5,108,310,945,317,4164,24,124,0,73,199,0,0,10,2,392,64,831,270,0,0,809,841,39,0,8,72,0,34,62,57,18,4,35,1219,0,147,0,0,599,436,0,0,0,21,114,390,106,176,0,14,0,164,3,0,0,46,428,10,0,238,34,0,56,0,0,3,52,129,1,4,0,ND,0,0
ND_07_09,0,0,17,102,3,0,0,657,322,2619,15649,67,3,947,2,185,0,2,0,0,0,0,6250,193,142,7,0,5,0,505,199,0,9,3,2,31,28,92,225,770,324,0,17,0,9,0,0,324,1045,220,74,99,0,0,9007,438,734,66,279,334,978,0,542,19,137,273,2181,83,4557,17,189,0,183,401,0,0,10,2,431,15,1353,450,0,150,994,1233,29,0,18,53,4,54,93,29,15,0,0,928,0,88,0,0,698,278,6,0,7,35,121,708,232,246,0,33,35,281,0,0,0,80,262,0,0,387,47,0,4,15,0,7,2,25,4,15,0,ND,0,0
ND_13_15,93,6,20,48,0,0,1,458,857,4490,14451,208,54,653,0,223,1,4,1,0,0,0,382,1165,3125,25,0,14,0,197,126,0,11,14,0,15,18,39,38,572,237,83,5,10,5,0,0,348,1128,936,112,17,173,0,6127,0,871,20,129,130,577,0,389,12,23,347,1385,196,6122,17,257,0,74,182,12,3,9,5,862,61,1127,312,0,85,1144,673,34,0,32,65,4,111,46,147,3,1,0,580,0,2882,0,161,1076,343,0,7,12,236,91,204,167,280,0,5,2024,51,16,766,2,0,312,6,0,121,157,3,0,0,0,0,9,146,0,1,0,ND,0,0
ND_19_21,45,142,18,64,3,0,0,639,463,5383,13945,494,164,345,0,57,0,0,0,27,0,0,267,1548,3011,55,0,111,22,328,128,0,5,15,4,5,7,55,12,290,103,117,71,6,9,0,0,139,513,213,27,8,21,0,2879,0,105,29,78,620,714,0,162,0,117,154,445,163,1953,7,53,37,55,122,0,0,8,0,370,39,408,164,0,256,573,237,36,0,3,173,0,49,29,161,150,17,93,2827,0,2432,4,0,1380,1439,0,0,3,64,65,105,32,108,4,77,627,74,9,3033,3,41,417,7,0,378,147,20,0,0,2,10,132,272,0,2,0,ND,0,0
